Cluster,avg_transaction_value,total_spend,num_transactions,transaction_frequency
0,593.9666729843561,2761.8831949458486,4.882671480144404,4.882671480144404
1,809.2780788490285,5764.998273542601,7.3475336322869955,7.3475336322869955
